child_lei,child_name,child_country,parent_lei,parent_name
549300HDCRTBPEURI316,"UNILEVER ČR, spol. s r.o.",CZ,549300MKFYEKVRWML317,UNILEVER PLC
549300EF9ZLCS32PSN92,DEAM CAPITAL PROTECT 2019,DE,7LTWFZYICNSX8D621K86,DEUTSCHE BANK AKTIENGESELLSCHAFT
529900UUPS52ZOCZKF69,Deutsche Capital Partners China Limited,KY,7LTWFZYICNSX8D621K86,DEUTSCHE BANK AKTIENGESELLSCHAFT
549300L70BS183Y6ML67,DWS Investment S.A.,LU,7LTWFZYICNSX8D621K86,DEUTSCHE BANK AKTIENGESELLSCHAFT
549300SE1UII3HYCP132,MIXHOLD B.V.,NL,549300MKFYEKVRWML317,UNILEVER PLC
8156004EEAF599C9DB95,BAP PENSIONE 2007 FONDO PENSIONE APERTO,IT,2W8N8UU78PMDQKZENC08,INTESA SANPAOLO SPA
894500OT6WTEC44LN041,Bella Tower Holding ApS,DK,7LTWFZYICNSX8D621K86,DEUTSCHE BANK AKTIENGESELLSCHAFT
213800AW573JFTXL6946,BAHBETA INGATLANHASZNOSÍTÓ KORLÁTOLT FELELŐSSÉGŰ TÁRSASÁG,HU,549300TRUWO2CD2G5692,"UNICREDIT, SOCIETA' PER AZIONI"
5493007CCEGUTA82RW04,UNILEVER OVERSEAS HOLDINGS B.V.,NL,549300MKFYEKVRWML317,UNILEVER PLC
529900CYMVBQDMUMAG81,EUROPEAN VALUE ADDED I (ALTERNATE G.P.) LLP,GB,7LTWFZYICNSX8D621K86,DEUTSCHE BANK AKTIENGESELLSCHAFT
213800D3OXAL3N7T1S19,"Tagus - Sociedade de Titularização de Créditos, S.A.",PT,7LTWFZYICNSX8D621K86,DEUTSCHE BANK AKTIENGESELLSCHAFT
549300OGMPCNFJUMJ659,LENSWAY B.V.,NL,549300M3VH1A3ER1TB49,ESSILORLUXOTTICA
529900FCQUWFCS2WFQ40,RREEF Management L.L.C.,US,7LTWFZYICNSX8D621K86,DEUTSCHE BANK AKTIENGESELLSCHAFT
529900TJTZEIUCN4BN62,"IVAF I Manager, S.à r.l.",LU,7LTWFZYICNSX8D621K86,DEUTSCHE BANK AKTIENGESELLSCHAFT
5493007Y31O7VTA60Y74,"APPLE COMPUTER TRADING (SHANGHAI) CO., LTD.",CN,HWUPKR0MPOU8FGXBT394,Apple Inc.
635400WUHAXT8LPT9E02,Asia Pacific,LU,7LVZJ6XRIE7VNZ4UBX81,BANCA MEDIOLANUM SPA
52990070XL8QPES0SM31,Alex. Brown Financial Services Incorporated,US,7LTWFZYICNSX8D621K86,DEUTSCHE BANK AKTIENGESELLSCHAFT
529900RF2834I0MC2L78,City Airlines GmbH,DE,529900PH63HYJ86ASW55,Deutsche Lufthansa Aktiengesellschaft
529900Z07G6XJU1QOH63,"Deutsche Bank Holdings, Inc.",US,7LTWFZYICNSX8D621K86,DEUTSCHE BANK AKTIENGESELLSCHAFT
529900PWIXRQXV72NZ40,Cinda - DB NPL Securitization Trust 2003-1,US,7LTWFZYICNSX8D621K86,DEUTSCHE BANK AKTIENGESELLSCHAFT
213800F9OEEORKQ71V30,ELEKTRA PURCHASE NO. 39 DESIGNATED ACTIVITY COMPANY,IE,549300TRUWO2CD2G5692,"UNICREDIT, SOCIETA' PER AZIONI"
549300J8JZ4ZGOH93H22,TRANSITIONS OPTICAL LIMITED,IE,549300M3VH1A3ER1TB49,ESSILORLUXOTTICA
529900JFVQC0P8BAQO25,PRIVATE EQUITY SELECT COMPANY S.àr.l.,LU,7LTWFZYICNSX8D621K86,DEUTSCHE BANK AKTIENGESELLSCHAFT
549300XBRBK4EN2W1S73,CD CAPITAL GLOBAL,DE,7LTWFZYICNSX8D621K86,DEUTSCHE BANK AKTIENGESELLSCHAFT
549300IUOQXDZBVFHK88,Intesa Sanpaolo banka d.d. Bosna i Hercegovina,BA,2W8N8UU78PMDQKZENC08,INTESA SANPAOLO SPA
549300LWRLCM6PDOWT06,PAM International Fund Selection Portfolio - Conservative,LU,7LTWFZYICNSX8D621K86,DEUTSCHE BANK AKTIENGESELLSCHAFT
5493003NE3LX8VLUVK24,LensWay Group AB,SE,549300M3VH1A3ER1TB49,ESSILORLUXOTTICA
549300TPFN3KKJB11W19,UNILEVER FOODS & REFRESHMENTS GLOBAL B.V.,NL,549300MKFYEKVRWML317,UNILEVER PLC
549300SDDBLYMENCB570,LUXOTTICA NORTH EUROPE LIMITED,GB,549300M3VH1A3ER1TB49,ESSILORLUXOTTICA
529900C6342MV7MEQR46,LINDSELL FINANCE LIMITED,MT,7LTWFZYICNSX8D621K86,DEUTSCHE BANK AKTIENGESELLSCHAFT
549300EXXKH0V10CGH02,ESSILOR NEDERLAND B.V.,NL,549300M3VH1A3ER1TB49,ESSILORLUXOTTICA
815600D20361C46B7C65,INTESA SANPAOLO RE.O.CO. S.P.A. O BREVEMENTE REOCO S.P.A.,IT,2W8N8UU78PMDQKZENC08,INTESA SANPAOLO SPA
529900KK9P8L63TRYU47,PELOPS Leasing Gesellschaft m.b.H.,AT,549300TRUWO2CD2G5692,"UNICREDIT, SOCIETA' PER AZIONI"
5299008B6YR6B0NVDR34,"MortgageIT, Inc.",US,7LTWFZYICNSX8D621K86,DEUTSCHE BANK AKTIENGESELLSCHAFT
25490072EC3VZGVO9626,DWS Alternatives (IE) ICAV - DWS ABS Credit Select Fund,IE,7LTWFZYICNSX8D621K86,DEUTSCHE BANK AKTIENGESELLSCHAFT
529900125QMP3CVGD297,BHW - Gesellschaft für Wohnungswirtschaft mbH,DE,7LTWFZYICNSX8D621K86,DEUTSCHE BANK AKTIENGESELLSCHAFT
549300BJ8K2OKYIY6557,DB PWM - ACTIVE ASSET ALLOCATION GROWTH 80 PROTECT EUR,LU,7LTWFZYICNSX8D621K86,DEUTSCHE BANK AKTIENGESELLSCHAFT
549300TPJCLC0OHGM008,DWS International GmbH,DE,7LTWFZYICNSX8D621K86,DEUTSCHE BANK AKTIENGESELLSCHAFT
529900SWPDY3ZOZ2RU29,DBOI GLOBAL SERVICES (UK) LIMITED,GB,7LTWFZYICNSX8D621K86,DEUTSCHE BANK AKTIENGESELLSCHAFT
54930001JAUYYSFBMP93,UNICREDIT LEASING S.P.A.,IT,549300TRUWO2CD2G5692,"UNICREDIT, SOCIETA' PER AZIONI"
529900K911JOYFNMOV10,Deutsche Nederland N.V.,NL,7LTWFZYICNSX8D621K86,DEUTSCHE BANK AKTIENGESELLSCHAFT
549300VVBIRW6VQJLS82,POLYCORE OPTICAL (HONG KONG) LIMITED,HK,549300M3VH1A3ER1TB49,ESSILORLUXOTTICA
529900CI6MHV0H675228,North American Income Fund Public Limited Company,IE,7LTWFZYICNSX8D621K86,DEUTSCHE BANK AKTIENGESELLSCHAFT
529900G39WULAI8ENL22,DB Asset Finance I S.à r.l.,LU,7LTWFZYICNSX8D621K86,DEUTSCHE BANK AKTIENGESELLSCHAFT
5493006GEIBUF7U0CX27,Eurizon HR Short Term Bond fond,HR,2W8N8UU78PMDQKZENC08,INTESA SANPAOLO SPA
549300RI7DPPJD4J3721,INTEGRATED LENS TECHNOLOGY PTE. LTD.,SG,549300M3VH1A3ER1TB49,ESSILORLUXOTTICA
52990043Y7PWJD1G2108,DEUTSCHE FORAS NEW ZEALAND LIMITED,NZ,7LTWFZYICNSX8D621K86,DEUTSCHE BANK AKTIENGESELLSCHAFT
52990067TXFDXKPELT70,"M. A. V. 7., Bank Austria Leasing Bauträger GmbH & Co. OG.",AT,549300TRUWO2CD2G5692,"UNICREDIT, SOCIETA' PER AZIONI"
52990022VR1G64LO5689,Group Engine Management GmbH,DE,529900PH63HYJ86ASW55,Deutsche Lufthansa Aktiengesellschaft
5493002XSNOUUFLKXK27,ESSILOR GROUP CANADA INC.,CA,549300M3VH1A3ER1TB49,ESSILORLUXOTTICA
635400IRTPCASED1XH42,ORGANIC LENS MANUFACTURING OLM LIMITED,IE,549300M3VH1A3ER1TB49,ESSILORLUXOTTICA
789000XDPJFDGEU86P31,INTESA SANPAOLO SPA İTALYA İSTANBUL MERKEZ ŞUBESİ,TR,2W8N8UU78PMDQKZENC08,INTESA SANPAOLO SPA
549300MXEAL7IIGFC661,DEAM-FONDS VB BABARA NR. 2,DE,7LTWFZYICNSX8D621K86,DEUTSCHE BANK AKTIENGESELLSCHAFT
5493008J0KRP28TPF798,"BA Alpine Holdings, Inc.",US,549300TRUWO2CD2G5692,"UNICREDIT, SOCIETA' PER AZIONI"
213800CBOERFQH934Q10,INTESA SANPAOLO BRASIL S.A. - BANCO MULTIPLO,BR,2W8N8UU78PMDQKZENC08,INTESA SANPAOLO SPA
254900DJJZ72SAHA1E19,ESG Next Generation Infrastructure,LU,7LTWFZYICNSX8D621K86,DEUTSCHE BANK AKTIENGESELLSCHAFT
213800YKLUR8Q7YAID35,UNICREDIT-LEASING URANUS INGATLANHASZNOSÍTÓ KORLÁTOLT FELELŐSSÉGŰ TÁRSASÁG,HU,549300TRUWO2CD2G5692,"UNICREDIT, SOCIETA' PER AZIONI"
52990058YIHY59G9ZR75,DB Capital Markets (Deutschland) GmbH,DE,7LTWFZYICNSX8D621K86,DEUTSCHE BANK AKTIENGESELLSCHAFT
254900ZV4OHO6HVJQQ25,DWS Secured Income Fund,IE,7LTWFZYICNSX8D621K86,DEUTSCHE BANK AKTIENGESELLSCHAFT
81560095E5C286EA9562,ISYBANK S.P.A.,IT,2W8N8UU78PMDQKZENC08,INTESA SANPAOLO SPA
529900IE87O9WPP97T53,H.F.S. Immobilienfonds GmbH,DE,549300TRUWO2CD2G5692,"UNICREDIT, SOCIETA' PER AZIONI"
549300IP7H46C3FB8404,ATLANTIC INDUSTRIES,KY,UWJKFUJFZ02DKWI3RY53,THE COCA-COLA COMPANY
529900342F7JSPI4TQ30,Z Leasing OMEGA Immobilien Leasing Gesellschaft m.b.H.,AT,549300TRUWO2CD2G5692,"UNICREDIT, SOCIETA' PER AZIONI"
213800TYDH1M7T796R14,ELEKTRA PURCHASE NO. 57 DESIGNATED ACTIVITY COMPANY,IE,549300TRUWO2CD2G5692,"UNICREDIT, SOCIETA' PER AZIONI"
5493001420Q57WID6217,LAKME LEVER PRIVATE LIMITED,IN,549300MKFYEKVRWML317,UNILEVER PLC
529900FQYXU2B7BZVK55,LEONARDO III INITIAL GP LIMITED,GB,7LTWFZYICNSX8D621K86,DEUTSCHE BANK AKTIENGESELLSCHAFT
529900HIRE2SFBYJFM92,"DB Structured Products, Inc.",US,7LTWFZYICNSX8D621K86,DEUTSCHE BANK AKTIENGESELLSCHAFT
529900598KUP7JQ9R531,Deutsche Asset Management (India) Private Limited,IN,7LTWFZYICNSX8D621K86,DEUTSCHE BANK AKTIENGESELLSCHAFT
529900WZLAKGNSOHOW26,DISCA Beteiligungsgesellschaft mbH,DE,7LTWFZYICNSX8D621K86,DEUTSCHE BANK AKTIENGESELLSCHAFT
549300XEOB85AXEXN594,บริษัท ยูนิลีเวอร์ ไทย โฮลดิ้งส์ จำกัด,TH,549300MKFYEKVRWML317,UNILEVER PLC
54930093XEHLVNAP5I34,DWS INVEST II - ASIAN TOP DIVIDEND,LU,7LTWFZYICNSX8D621K86,DEUTSCHE BANK AKTIENGESELLSCHAFT
5299003A4YELZSL89054,DB Private Equity International S.à r.l.,LU,7LTWFZYICNSX8D621K86,DEUTSCHE BANK AKTIENGESELLSCHAFT
5493003UBWGSYIWIWI94,UNILEVER OVERSEAS HOLDINGS LIMITED,GB,549300MKFYEKVRWML317,UNILEVER PLC
529900XGX8IRUTDYO016,BAL HESTIA Immobilien Leasing GmbH,AT,549300TRUWO2CD2G5692,"UNICREDIT, SOCIETA' PER AZIONI"
549300KH3XDPHJ5O8L97,UNILEVER TAIWAN LTD.,TW,549300MKFYEKVRWML317,UNILEVER PLC
529900ZJSEYT72X34K26,DWS Alternatives GmbH,DE,7LTWFZYICNSX8D621K86,DEUTSCHE BANK AKTIENGESELLSCHAFT
529900WRA1S3K1QMPB44,Port Elizabeth Holdings LLC,US,7LTWFZYICNSX8D621K86,DEUTSCHE BANK AKTIENGESELLSCHAFT
5493008X0EWE6B6KZV25,ESSIDEV,FR,549300M3VH1A3ER1TB49,ESSILORLUXOTTICA
529900TZ36JMEVRLVK72,Fineco Verwaltung AG,DE,549300TRUWO2CD2G5692,"UNICREDIT, SOCIETA' PER AZIONI"
5493005X008R6A2PKW88,DWS INVEST - ONE BELT ONE ROAD,LU,7LTWFZYICNSX8D621K86,DEUTSCHE BANK AKTIENGESELLSCHAFT
54930041LANR8OLEDY41,UNILEVER SVERIGE AB,SE,549300MKFYEKVRWML317,UNILEVER PLC
254900RGIHNSOOTM0L46,DWS FLEXPENSION - Euro Fixed Income,LU,7LTWFZYICNSX8D621K86,DEUTSCHE BANK AKTIENGESELLSCHAFT
549300ZX1OABOSP3K616,UNILEVER INSURANCES N.V.,NL,549300MKFYEKVRWML317,UNILEVER PLC
529900AXUGQC7E2M7N91,Lufthansa Systems GmbH,DE,529900PH63HYJ86ASW55,Deutsche Lufthansa Aktiengesellschaft
335800XN3TLVKZDB1A49,ESSILOR INDIA PRIVATE LIMITED,IN,549300M3VH1A3ER1TB49,ESSILORLUXOTTICA
52990009UNDL8B1ACI35,Royster Fund Management S.à r.l.,LU,7LTWFZYICNSX8D621K86,DEUTSCHE BANK AKTIENGESELLSCHAFT
529900JA77IQLWAUIY31,Deutsche Bank Trust Corporation,US,7LTWFZYICNSX8D621K86,DEUTSCHE BANK AKTIENGESELLSCHAFT
5493002JEF6K68XBUF21,SATISLOH AG,CH,549300M3VH1A3ER1TB49,ESSILORLUXOTTICA
529900VKMC4KQXRCWQ85,Deutsche Bank International Trust Co. Limited,GG,7LTWFZYICNSX8D621K86,DEUTSCHE BANK AKTIENGESELLSCHAFT
8156000A3437C5E72362,FIDEURAM - INTESA SANPAOLO PRIVATE BANKING ASSET MANAGEMENT - SOCIETA' DI GESTIONE DEL RISPARMIO S.P.A. - IN FORMA ABBREVIATA FIDEURAM ASSET MANAGEMENT SGR S.P.A.,IT,2W8N8UU78PMDQKZENC08,INTESA SANPAOLO SPA
529900CKC4TXHVRKX638,Deutsche Securities Saudi Arabia (a closed joint stock company),SA,7LTWFZYICNSX8D621K86,DEUTSCHE BANK AKTIENGESELLSCHAFT
529900U28ZJDY22FJA32,DB SERVICE CENTRE LIMITED,IE,7LTWFZYICNSX8D621K86,DEUTSCHE BANK AKTIENGESELLSCHAFT
5299006B34ANR1HH4Z58,BA-CA Andante Leasing GmbH,AT,549300TRUWO2CD2G5692,"UNICREDIT, SOCIETA' PER AZIONI"
549300YZOCJEJTXIGZ75,BEIGEL & BEIGEL MAZON (1985) LTD.,IL,549300MKFYEKVRWML317,UNILEVER PLC
5299001W3P545EI0TK57,DB UK Australia Finance Limited,KY,7LTWFZYICNSX8D621K86,DEUTSCHE BANK AKTIENGESELLSCHAFT
2138006HP23N8GYS9Q88,"UNILEVER EL SALVADOR SCC, SOCIEDAD ANONIMA DE CAPITAL VARIABLE",SV,549300MKFYEKVRWML317,UNILEVER PLC
5299003PHX37VW6Q3M45,DB IROC LEASING CORP.,US,7LTWFZYICNSX8D621K86,DEUTSCHE BANK AKTIENGESELLSCHAFT
529900NWNZBC49AB6198,LONDON INDUSTRIAL LEASING LIMITED,GB,7LTWFZYICNSX8D621K86,DEUTSCHE BANK AKTIENGESELLSCHAFT
5493008BVNEL8546MK03,UNILEVER IRELAND LIMITED,IE,549300MKFYEKVRWML317,UNILEVER PLC
529900FYAQ4PVMVXVF84,Deutsche Aeolia Power Production Société Anonyme,GR,7LTWFZYICNSX8D621K86,DEUTSCHE BANK AKTIENGESELLSCHAFT
549300RKFLN5XSIAGX22,DWS FLEXPENSION - II 2034,LU,7LTWFZYICNSX8D621K86,DEUTSCHE BANK AKTIENGESELLSCHAFT
549300M7R6X5LJOH0491,"""ESSILOR OPTICAL LABORATORY POLSKA"" SPÓŁKA Z OGRANICZONĄ ODPOWIEDZIALNOŚCIĄ",PL,549300M3VH1A3ER1TB49,ESSILORLUXOTTICA
52990026WU4MWFA1P303,DB LONDON (INVESTOR SERVICES) NOMINEES LIMITED,GB,7LTWFZYICNSX8D621K86,DEUTSCHE BANK AKTIENGESELLSCHAFT
549300GF3543BG7KSO29,DEAM CAPITAL PROTECT 2039,DE,7LTWFZYICNSX8D621K86,DEUTSCHE BANK AKTIENGESELLSCHAFT
5299001Y3VWOFN2DGL03,LHAMI LEASING LIMITED,IE,529900PH63HYJ86ASW55,Deutsche Lufthansa Aktiengesellschaft
Y28RT6GGYJ696PMW8T44,UNICREDIT BANK HUNGARY ZRT.,HU,549300TRUWO2CD2G5692,"UNICREDIT, SOCIETA' PER AZIONI"
5493006VU2HFXGSBFT75,TIGI INTERNATIONAL LIMITED,GB,549300MKFYEKVRWML317,UNILEVER PLC
529900URNIC26XVVO413,Z Leasing ARKTUR Immobilien Leasing Gesellschaft m.b.H.,AT,549300TRUWO2CD2G5692,"UNICREDIT, SOCIETA' PER AZIONI"
549300SWJ4YK4LLNT176,UNILEVER FINANCE NETHERLANDS B.V.,NL,549300MKFYEKVRWML317,UNILEVER PLC
549300CR9TBLZ3CGBS13,TRANSITIONS OPTICAL PTY LTD,AU,549300M3VH1A3ER1TB49,ESSILORLUXOTTICA
213800ABBDUPIFMITV66,FMZ SAVARIA SZOLGÁLTATÓ KORLÁTOLT FELELŐSSÉGŰ TÁRSASÁG,HU,549300TRUWO2CD2G5692,"UNICREDIT, SOCIETA' PER AZIONI"
549300P1LHUDFRM6G143,Instru Optiikka Oy,FI,549300M3VH1A3ER1TB49,ESSILORLUXOTTICA
315700CYR4A7B93AZ188,ENES Cargo Prague s.r.o.,CZ,549300TRUWO2CD2G5692,"UNICREDIT, SOCIETA' PER AZIONI"
5299004IV5BVRG272A28,OLG Handels- und Beteiligungsverwaltungsgesellschaft m.b.H.,AT,549300TRUWO2CD2G5692,"UNICREDIT, SOCIETA' PER AZIONI"
5493008EU8J8PL7Y5C92,UNILEVER SWISS HOLDINGS AG,CH,549300MKFYEKVRWML317,UNILEVER PLC
5493000YZPPFRVZ7PF37,FIDEURAM VITA SPA,IT,2W8N8UU78PMDQKZENC08,INTESA SANPAOLO SPA
529900AJVHJLY2I8FE09,Deutsche Holdings (Grand Duchy),LU,7LTWFZYICNSX8D621K86,DEUTSCHE BANK AKTIENGESELLSCHAFT
8EWQ2UQKS07AKK8ANH81,Deutsche Bank Trust Company Americas,US,7LTWFZYICNSX8D621K86,DEUTSCHE BANK AKTIENGESELLSCHAFT
529900KMVAGFZ68CEJ78,UniCredit Zega Leasing GmbH,AT,549300TRUWO2CD2G5692,"UNICREDIT, SOCIETA' PER AZIONI"
549300SX7LKM3752HG14,UNILEVER OVERSEAS HOLDINGS AG,CH,549300MKFYEKVRWML317,UNILEVER PLC
549300XXMXUO9TJN5940,Lux Gest Asset Management S.A.,LU,2W8N8UU78PMDQKZENC08,INTESA SANPAOLO SPA
529900SWYVP0QMM8S558,SAPIO Grundstücks-Vermietungsgesellschaft mbH,DE,7LTWFZYICNSX8D621K86,DEUTSCHE BANK AKTIENGESELLSCHAFT
5493005CZJH1DM3UY563,FAI MERCATI PRIVATI EUROPEI,IT,2W8N8UU78PMDQKZENC08,INTESA SANPAOLO SPA
529900ITRKF4INUOKY17,PS plus Portfolio Software + Consulting GmbH,DE,7LTWFZYICNSX8D621K86,DEUTSCHE BANK AKTIENGESELLSCHAFT
529900WYFA4QVEYXU932,DEUTSCHE GROUP SERVICES PTY LIMITED,AU,7LTWFZYICNSX8D621K86,DEUTSCHE BANK AKTIENGESELLSCHAFT
529900YBCHPCBU0CBV03,DWS INVESTMENTS SINGAPORE LIMITED,SG,7LTWFZYICNSX8D621K86,DEUTSCHE BANK AKTIENGESELLSCHAFT
529900SWNRHN2PPD6X60,DLV Immobilien Leasing Gesellschaft m.b.H.,AT,549300TRUWO2CD2G5692,"UNICREDIT, SOCIETA' PER AZIONI"
213800BRJ9LYIW3Z7L42,UNILEVER REGIONAL SERVICES PANAMA S.A.,PA,549300MKFYEKVRWML317,UNILEVER PLC
529900LMTI8YSE62EI88,Austrian Airlines AG,AT,529900PH63HYJ86ASW55,Deutsche Lufthansa Aktiengesellschaft
5299005LMBRRMUC6RE06,LEASFINANZ GmbH,AT,549300TRUWO2CD2G5692,"UNICREDIT, SOCIETA' PER AZIONI"
8156002B929020A90676,UNICREDIT OBG S.R.L.,IT,549300TRUWO2CD2G5692,"UNICREDIT, SOCIETA' PER AZIONI"
549300IIH01NSEG1DK07,LTL S.P.A.,IT,549300M3VH1A3ER1TB49,ESSILORLUXOTTICA
549300ZU652SN9WBFV30,DWS INVEST - TOP DIVIDEND OPPORTUNITIES,LU,7LTWFZYICNSX8D621K86,DEUTSCHE BANK AKTIENGESELLSCHAFT
5493007QO5QAR13I3M16,UNILEVER POLSKA SPÓŁKA AKCYJNA,PL,549300MKFYEKVRWML317,UNILEVER PLC
529900K3CBIIFX4H8G15,Z Leasing NEREIDE Immobilien Leasing Gesellschaft m.b.H.,AT,549300TRUWO2CD2G5692,"UNICREDIT, SOCIETA' PER AZIONI"
549300MINO4CSLQEZY39,UNILEVER INDUSTRIES PRIVATE LIMITED,IN,549300MKFYEKVRWML317,UNILEVER PLC
529900R54FIEI2HXHH86,PERUDA LEASING LIMITED,GB,7LTWFZYICNSX8D621K86,DEUTSCHE BANK AKTIENGESELLSCHAFT
529900CYRSQHASADDO34,"PARTS Funding, LLC",US,7LTWFZYICNSX8D621K86,DEUTSCHE BANK AKTIENGESELLSCHAFT
549300TKZ65QBK75OV06,FIDEURAM MASTER SELECTION BALANCED,IT,2W8N8UU78PMDQKZENC08,INTESA SANPAOLO SPA
097900BFBW0000007583,"UniCredit Broker, s. r. o.",SK,549300TRUWO2CD2G5692,"UNICREDIT, SOCIETA' PER AZIONI"
549300JR63IQRTE0HQ66,"PBZ-NEKRETNINE društvo s ograničenom odgovornošću za promet nekretninama, graditeljstvo, trgovinu i usluge",HR,2W8N8UU78PMDQKZENC08,INTESA SANPAOLO SPA
529900FO49LVGHYC4065,Mezzanine Capital Europe II (MC-EU II) GmbH & Co. KG,DE,7LTWFZYICNSX8D621K86,DEUTSCHE BANK AKTIENGESELLSCHAFT
529900C4MN0KMLK0ZV67,DEUTSCHE OVERSEAS ISSUANCE NEW ZEALAND LIMITED,NZ,7LTWFZYICNSX8D621K86,DEUTSCHE BANK AKTIENGESELLSCHAFT
635400MNLW6ZCQNKAJ81,Junior,LU,7LVZJ6XRIE7VNZ4UBX81,BANCA MEDIOLANUM SPA
5299005404YKMA1T4086,Deutsche Securities (India) Private Limited,IN,7LTWFZYICNSX8D621K86,DEUTSCHE BANK AKTIENGESELLSCHAFT
5493008EK06BBQGICG76,UNICREDIT BANK A.D. BANJA LUKA,BA,549300TRUWO2CD2G5692,"UNICREDIT, SOCIETA' PER AZIONI"
8156002AD3004B9EC878,PIANO BILANCIATO ITALIA 50,IT,2W8N8UU78PMDQKZENC08,INTESA SANPAOLO SPA
549300XMUXUL1EJN1237,DWS FLEXPENSION - II 2031,LU,7LTWFZYICNSX8D621K86,DEUTSCHE BANK AKTIENGESELLSCHAFT
529900CFOWM2V62I4634,DEUTSCHE BANK POLSKA S.A.,PL,7LTWFZYICNSX8D621K86,DEUTSCHE BANK AKTIENGESELLSCHAFT
549300GKZ7ZVO2CI5U81,NIKON OPTICAL CANADA INC.,CA,549300M3VH1A3ER1TB49,ESSILORLUXOTTICA
549300Z5TZK5XDBGWS98,SATISLOH HOLDING AG,CH,549300M3VH1A3ER1TB49,ESSILORLUXOTTICA
5299002YWHBSBV9P4B18,Z Leasing CORVUS Immobilien Leasing Gesellschaft m.b.H.,AT,549300TRUWO2CD2G5692,"UNICREDIT, SOCIETA' PER AZIONI"
635400H9NIJ5SQ65LG47,Intesa Sanpaolo Life Designated Activity Company,IE,2W8N8UU78PMDQKZENC08,INTESA SANPAOLO SPA
5299005C3ALN0FW10R56,Lufthansa Aviation Training Switzerland AG,CH,529900PH63HYJ86ASW55,Deutsche Lufthansa Aktiengesellschaft
549300GXQR5UIJFUTW31,LUXOTTICA S.R.L.,IT,549300M3VH1A3ER1TB49,ESSILORLUXOTTICA
549300YX4S1LLSMK2627,APPLE ENERGY LLC,US,HWUPKR0MPOU8FGXBT394,Apple Inc.
529900D2TH67S7B53Y34,WealthCap Investorenbetreuung GmbH,DE,549300TRUWO2CD2G5692,"UNICREDIT, SOCIETA' PER AZIONI"
549300Y47GPQA88GE404,DEAM CAPITAL PROTECT 2014,DE,7LTWFZYICNSX8D621K86,DEUTSCHE BANK AKTIENGESELLSCHAFT
815600978329D468F632,"NEVA SOCIETA' DI GESTIONE DEL RISPARMIO S.P.A. O, IN FORMA ABBREVIATA, NEVA SGR S.P.A.",IT,2W8N8UU78PMDQKZENC08,INTESA SANPAOLO SPA
529900UK1NI11U9GYA54,DB IMPACT INVESTMENT (GP) LIMITED,GB,7LTWFZYICNSX8D621K86,DEUTSCHE BANK AKTIENGESELLSCHAFT
529900J5LZ8NSD1NDD83,Mezzanine Capital USA II (MC-US II) GmbH & Co. KG,DE,7LTWFZYICNSX8D621K86,DEUTSCHE BANK AKTIENGESELLSCHAFT
529900TK95D6PNN50T90,Deutsche Bank Trustee Services (Guernsey) Limited,GG,7LTWFZYICNSX8D621K86,DEUTSCHE BANK AKTIENGESELLSCHAFT
529900GP2VK1XGLGOE50,Delowrezham de México S. de R.L. de C.V.,MX,7LTWFZYICNSX8D621K86,DEUTSCHE BANK AKTIENGESELLSCHAFT
529900UKTXP0UD6IGX72,Consumo Srl In Liquidazione,IT,7LTWFZYICNSX8D621K86,DEUTSCHE BANK AKTIENGESELLSCHAFT
529900046FVSVFC80V70,Lufthansa AirPlus Servicekarten GmbH,DE,529900PH63HYJ86ASW55,Deutsche Lufthansa Aktiengesellschaft
5299005P4GYQOPFDEA10,Treuconsult Beteiligungsgesellschaft m.b.H.,AT,549300TRUWO2CD2G5692,"UNICREDIT, SOCIETA' PER AZIONI"
213800MQ6DXRNJ395137,UL COSTA RICA SCC SOCIEDAD ANONIMA,CR,549300MKFYEKVRWML317,UNILEVER PLC
549300CI13TTRZSRJV34,RIZOFOOR B.V.,NL,549300MKFYEKVRWML317,UNILEVER PLC
529900DNKIMASQ1WQC07,WealthCap Objekt-Vorrat 20 GmbH & Co. KG,DE,549300TRUWO2CD2G5692,"UNICREDIT, SOCIETA' PER AZIONI"
529900P0UUJHBJF0A066,Fides Leasing GmbH,AT,549300TRUWO2CD2G5692,"UNICREDIT, SOCIETA' PER AZIONI"
5493007TAZ38XZ6CIE61,UNILEVER PAKISTAN FOODS LIMITED,PK,549300MKFYEKVRWML317,UNILEVER PLC
529900396G5HWCV38G39,DB International (Asia) Limited,SG,7LTWFZYICNSX8D621K86,DEUTSCHE BANK AKTIENGESELLSCHAFT
549300HZPMLS59IYHW02,MARGA B.V.,NL,549300MKFYEKVRWML317,UNILEVER PLC
724500RICHZNOED3K275,Univest Company B.V.,NL,549300MKFYEKVRWML317,UNILEVER PLC
5493002DZLHDQ5SJRQ41,FIDEURAM ITALIA,IT,2W8N8UU78PMDQKZENC08,INTESA SANPAOLO SPA
549300UJWEUFNYXPJ620,APPLE COMPUTER BRASIL LTDA.,BR,HWUPKR0MPOU8FGXBT394,Apple Inc.
549300HN604T6L7YRW35,DEAM-FONDS ME III,DE,7LTWFZYICNSX8D621K86,DEUTSCHE BANK AKTIENGESELLSCHAFT
529900OWBLLW6WMCRM37,Z Leasing KAPA Immobilien Leasing Gesellschaft m.b.H.,AT,549300TRUWO2CD2G5692,"UNICREDIT, SOCIETA' PER AZIONI"
529900VPJF35O5YAHQ53,DB Asset Finance II S.à r.l.,LU,7LTWFZYICNSX8D621K86,DEUTSCHE BANK AKTIENGESELLSCHAFT
254900I5KDSB46XL7O09,ESG Blue Economy,LU,7LTWFZYICNSX8D621K86,DEUTSCHE BANK AKTIENGESELLSCHAFT
213800TIAIHOYOOSDJ79,UNICREDIT OPERATÍV LÍZING KORLÁTOLT FELELŐSSÉGŰ TÁRSASÁG,HU,549300TRUWO2CD2G5692,"UNICREDIT, SOCIETA' PER AZIONI"
549300OVVY2IW4A3M076,LUXOTTICA HOLLAND B.V.,NL,549300M3VH1A3ER1TB49,ESSILORLUXOTTICA
529900QCKZM6WSIFQN07,D&M Turnaround Partners Godo Kaisha,JP,7LTWFZYICNSX8D621K86,DEUTSCHE BANK AKTIENGESELLSCHAFT
549300MUHUFNRRI19O72,PT UNILEVER INDONESIA TBK,ID,549300MKFYEKVRWML317,UNILEVER PLC
5299005GOY3TFCTOQB47,DWS Investments Shanghai Limited,CN,7LTWFZYICNSX8D621K86,DEUTSCHE BANK AKTIENGESELLSCHAFT
5299003BH0JNNF824478,"DB IMPACT INVESTMENT FUND I, L.P.",GB,7LTWFZYICNSX8D621K86,DEUTSCHE BANK AKTIENGESELLSCHAFT
5299001GRQUZADRADN70,DBUK PCAM LIMITED,GB,7LTWFZYICNSX8D621K86,DEUTSCHE BANK AKTIENGESELLSCHAFT
5493000SL9LZZ6YZPU12,บริษัท ยูนิลีเวอร์ ไทย เทรดดิ้ง จำกัด,TH,549300MKFYEKVRWML317,UNILEVER PLC
529900E7W7M9W46YY476,"Deutsche Bank (China) Co., Ltd.",CN,7LTWFZYICNSX8D621K86,DEUTSCHE BANK AKTIENGESELLSCHAFT
5493003T9FC00681FQ76,UNILEVER UKRAINE LLC,UA,549300MKFYEKVRWML317,UNILEVER PLC
5299003L7YAXHP6Z7T75,UniCredit Garagen Errichtung und Verwertung GmbH,AT,549300TRUWO2CD2G5692,"UNICREDIT, SOCIETA' PER AZIONI"
529900VQTGY0OGZTCS62,UniCredit Luna Leasing GmbH,AT,549300TRUWO2CD2G5692,"UNICREDIT, SOCIETA' PER AZIONI"
529900IZCOKCTPEKN750,"Bayan Delinquent Loan Recovery 1 (SPV-AMC), Inc.",PH,7LTWFZYICNSX8D621K86,DEUTSCHE BANK AKTIENGESELLSCHAFT
529900RC0O6Y0E636W87,GWC-GAC Corp.,US,7LTWFZYICNSX8D621K86,DEUTSCHE BANK AKTIENGESELLSCHAFT
9KVDYMLZGG8ZN3RMPY41,MEDIOLANUM GESTIONE FONDI - SOCIETA' DI GESTIONE DEL RISPARMIO PER AZIONI O IN FORMA ABBREVIATA MEDIOLANUM GESTIONE FONDI SGR P.A.,IT,7LVZJ6XRIE7VNZ4UBX81,BANCA MEDIOLANUM SPA
549300M7Z0QGKMRGQI27,UNILEVER ISRAEL FOODS LTD,IL,549300MKFYEKVRWML317,UNILEVER PLC
529900J0N5FYROZOL786,Deutsche Securities Korea Co.,KR,7LTWFZYICNSX8D621K86,DEUTSCHE BANK AKTIENGESELLSCHAFT
5493006LHHR4CLPX4Q79,"BRAEBURN CAPITAL, INC.",US,HWUPKR0MPOU8FGXBT394,Apple Inc.
549300YFQIZT24ZPT137,CORPORATE III - UNITY,LU,7LTWFZYICNSX8D621K86,DEUTSCHE BANK AKTIENGESELLSCHAFT
5299008HZD0Y7UYHO939,UNICREDIT CONSUMER FINANCING EAD,BG,549300TRUWO2CD2G5692,"UNICREDIT, SOCIETA' PER AZIONI"
254900T6XL98TQSJJM04,DWS Invest II SICAV,LU,7LTWFZYICNSX8D621K86,DEUTSCHE BANK AKTIENGESELLSCHAFT
529900SETJ7JMNI5AD78,Bank Austria Finanzservice GmbH,AT,549300TRUWO2CD2G5692,"UNICREDIT, SOCIETA' PER AZIONI"
81560001A6084D9ACA86,TARGET BOND 2028,IT,2W8N8UU78PMDQKZENC08,INTESA SANPAOLO SPA
529900697VW9X2YUUN62,Tasfiye Halinde Bebek Danismanlik Anonim Sirketi,TR,7LTWFZYICNSX8D621K86,DEUTSCHE BANK AKTIENGESELLSCHAFT
213800QQ82Y1KCPQIC86,AMUNDI S.F. - EMERGING MARKETS BOND 2019,LU,549300TRUWO2CD2G5692,"UNICREDIT, SOCIETA' PER AZIONI"
5299002SRAEOQQ5YMZ55,Deutsche Immobilien Leasing GmbH,DE,7LTWFZYICNSX8D621K86,DEUTSCHE BANK AKTIENGESELLSCHAFT
529900UGZL7PHL4KTV29,Argent Incorporated,US,7LTWFZYICNSX8D621K86,DEUTSCHE BANK AKTIENGESELLSCHAFT
5493003X2PANQ4S0EH05,TRANSITIONS OPTICAL HOLDINGS B.V.,NL,549300M3VH1A3ER1TB49,ESSILORLUXOTTICA
5493001V0ITTX5DZPE20,UNILEVER RFM ICE CREAM INC.,PH,549300MKFYEKVRWML317,UNILEVER PLC
254900BJQU6FV8FPQ152,db PrivatMandat Comfort SICAV,LU,7LTWFZYICNSX8D621K86,DEUTSCHE BANK AKTIENGESELLSCHAFT
529900F61J2XA3NK9979,Lufthansa Aviation Training GmbH,DE,529900PH63HYJ86ASW55,Deutsche Lufthansa Aktiengesellschaft
549300ORS5KCRGSJJG24,LIPOMA B.V.,NL,549300MKFYEKVRWML317,UNILEVER PLC
635400C7L8C5RGY8VK81,Mediolanum International Life Designated Activity Company,IE,7LVZJ6XRIE7VNZ4UBX81,BANCA MEDIOLANUM SPA
549300GP76I43V7TCK41,BA-CA Finance (Cayman) (2) Limited,KY,549300TRUWO2CD2G5692,"UNICREDIT, SOCIETA' PER AZIONI"
54930051L749LLNOVE73,"ABC NEWS INTERCONTINENTAL, INC.",US,549300GZKULIZ0WOW665,THE WALT DISNEY COMPANY
3157007C98ILJK5ST356,"UniCredit Leasing CZ, a.s.",CZ,549300TRUWO2CD2G5692,"UNICREDIT, SOCIETA' PER AZIONI"
5493005GWX2HVMZNEO34,RED LIFE REINSURANCE LIMITED,BM,UWJKFUJFZ02DKWI3RY53,THE COCA-COLA COMPANY
549300QLNL4I2WV7SD23,ESSILOR NEDERLAND HOLDING B.V.,NL,549300M3VH1A3ER1TB49,ESSILORLUXOTTICA
549300J6YMCJ7SQIN765,EMNUK LIMITED,GB,549300M3VH1A3ER1TB49,ESSILORLUXOTTICA
2138003FL72FCO53LM68,HISTRIA INVERSIONES DESIGNATED ACTIVITY COMPANY,IE,7LTWFZYICNSX8D621K86,DEUTSCHE BANK AKTIENGESELLSCHAFT
52990028YYXNOY4VCL59,FactorBank Aktiengesellschaft,AT,549300TRUWO2CD2G5692,"UNICREDIT, SOCIETA' PER AZIONI"
V48XYRSNOB3HY0J4NK61,INTESA SANPAOLO IMI SECURITIES CORP.,US,2W8N8UU78PMDQKZENC08,INTESA SANPAOLO SPA
549300H7FLAWMJ7WAI95,DWS SELECT - INFLATION PLUS 2019,LU,7LTWFZYICNSX8D621K86,DEUTSCHE BANK AKTIENGESELLSCHAFT
529900NZEAS6DR7N9T89,Deutsche Bank Capital LLC I,US,7LTWFZYICNSX8D621K86,DEUTSCHE BANK AKTIENGESELLSCHAFT
529900B9D7B2Z2U9E686,UniCredit Leasing EAD,BG,549300TRUWO2CD2G5692,"UNICREDIT, SOCIETA' PER AZIONI"
549300FCWICHOEZ1NI68,FIDEURAM MASTER SELECTION EQUITY GLOBAL,IT,2W8N8UU78PMDQKZENC08,INTESA SANPAOLO SPA
549300MJOLZ1Y6N1RN58,ROLON B.V.,NL,549300MKFYEKVRWML317,UNILEVER PLC
529900FGBJM9Q144U153,PAN AUSTRALIAN NOMINEES PTY LTD,AU,7LTWFZYICNSX8D621K86,DEUTSCHE BANK AKTIENGESELLSCHAFT
529900KRQNFT92BXR447,Deutsche Bank Trust Company Delaware,US,7LTWFZYICNSX8D621K86,DEUTSCHE BANK AKTIENGESELLSCHAFT
213800SHXQDJL238HV25,HVB-LEASING RUBIN INGATLANHASZNOSÍTÓ KORLÁTOLT FELELŐSSÉGŰ TÁRSASÁG,HU,549300TRUWO2CD2G5692,"UNICREDIT, SOCIETA' PER AZIONI"
549300O2UN9JLME31F08,UNICREDIT BANKA SLOVENIJA d.d.,SI,549300TRUWO2CD2G5692,"UNICREDIT, SOCIETA' PER AZIONI"
529900Y3O6X652Z2AN33,DB COVERED BOND S.R.L.,IT,7LTWFZYICNSX8D621K86,DEUTSCHE BANK AKTIENGESELLSCHAFT
81560075E90A817C8F48,FONDO PENSIONE FIDEURAM - FONDO PENSIONE APERTO,IT,2W8N8UU78PMDQKZENC08,INTESA SANPAOLO SPA
529900DLES7P1TCYPM83,MBC Immobilien Leasing Gesellschaft m.b.H.,AT,549300TRUWO2CD2G5692,"UNICREDIT, SOCIETA' PER AZIONI"
529900RBERZ83V1GT415,Deutsche Postbank Funding LLC III,US,7LTWFZYICNSX8D621K86,DEUTSCHE BANK AKTIENGESELLSCHAFT
529900CVJFHY7SC3IA84,Gebäudeleasing Grundstücksverwaltungs-Gesellschaft m.b.H.,AT,549300TRUWO2CD2G5692,"UNICREDIT, SOCIETA' PER AZIONI"
529900WMBOJTFWCJ6Z71,norisbank GmbH,DE,7LTWFZYICNSX8D621K86,DEUTSCHE BANK AKTIENGESELLSCHAFT
635400SCBVV58JBVY513,Mediolanum Asset Management Ltd,IE,7LVZJ6XRIE7VNZ4UBX81,BANCA MEDIOLANUM SPA
549300I0GSVZLESF0374,"UNILEVER PHILIPPINES, INC.",PH,549300MKFYEKVRWML317,UNILEVER PLC
529900J4FRDOS0H27O39,UCTAM upravljanje d.o.o.,SI,549300TRUWO2CD2G5692,"UNICREDIT, SOCIETA' PER AZIONI"
5493003M451YU8YSEC41,DEAM CAPITAL PROTECT 2029,DE,7LTWFZYICNSX8D621K86,DEUTSCHE BANK AKTIENGESELLSCHAFT
549300DVX8CW8OWD1369,UNILEVER NEPAL LIMITED,NP,549300MKFYEKVRWML317,UNILEVER PLC
98450076FE4A83A4F419,"NETFLIX WORLDWIDE PRODUCTIONS, LLC",US,549300Y7VHGU0I7CE873,"NETFLIX, INC."
549300GSRCQZCOFL8672,UNILEVER MAGYARORSZÁG KFT.,HU,549300MKFYEKVRWML317,UNILEVER PLC
254900DB28E4TYR5ZI32,Qi Global Climate Action,LU,7LTWFZYICNSX8D621K86,DEUTSCHE BANK AKTIENGESELLSCHAFT
529900A7Z0V6PFMTJP60,Eurolease RAMSES Immobilien Leasing Gesellschaft m.b.H.,AT,549300TRUWO2CD2G5692,"UNICREDIT, SOCIETA' PER AZIONI"
529900NRU8XMPR3BIF43,87 Leonard Development LLC,US,7LTWFZYICNSX8D621K86,DEUTSCHE BANK AKTIENGESELLSCHAFT
529900MFF1MAR76ZVV77,Z Leasing Ita Immobilien Leasing Gesellschaft m.b.H.,AT,549300TRUWO2CD2G5692,"UNICREDIT, SOCIETA' PER AZIONI"
529900K9ENYPTKECK071,Deutsche Equities India Private Limited,IN,7LTWFZYICNSX8D621K86,DEUTSCHE BANK AKTIENGESELLSCHAFT
529900RO45LRDMWLRI57,DB USA Corporation,US,7LTWFZYICNSX8D621K86,DEUTSCHE BANK AKTIENGESELLSCHAFT
549300RGT0JMDJZKVG34,UNICREDIT BANK D.D.,BA,549300TRUWO2CD2G5692,"UNICREDIT, SOCIETA' PER AZIONI"
549300R357WFIUHYXQ97,DEAM-FONDS PPC EQ,DE,7LTWFZYICNSX8D621K86,DEUTSCHE BANK AKTIENGESELLSCHAFT
549300OJ66SPKX006J87,FIDEURAM ALTERNATIVE INVESTMENTS - PRIVATE DEBT SPECIAL OPPORTUNITIES FUND,IT,2W8N8UU78PMDQKZENC08,INTESA SANPAOLO SPA
529900PG5GJ3DC8V9L37,Civitas Immobilien Leasing Gesellschaft m.b.H.,AT,549300TRUWO2CD2G5692,"UNICREDIT, SOCIETA' PER AZIONI"
5299001R4A9Z0RY8HJ59,German American Capital Corporation,US,7LTWFZYICNSX8D621K86,DEUTSCHE BANK AKTIENGESELLSCHAFT
549300MD5X41UEQSKN80,UNILEVER U.K. HOLDINGS LIMITED,GB,549300MKFYEKVRWML317,UNILEVER PLC
5299007CCQ08GGNCO102,DEUTSCHE INDIA PRIVATE LIMITED,IN,7LTWFZYICNSX8D621K86,DEUTSCHE BANK AKTIENGESELLSCHAFT
529900FZ18K4CHUQAV85,PRIVATE EQUITY GLOBAL SELECT COMPANY V S.à r.l.,LU,7LTWFZYICNSX8D621K86,DEUTSCHE BANK AKTIENGESELLSCHAFT
5299000OKM8HRXP2ZL53,WealthCap Initiatoren GmbH,DE,549300TRUWO2CD2G5692,"UNICREDIT, SOCIETA' PER AZIONI"
549300KRHG5GM7DXKE41,REYL & Cie SA,CH,2W8N8UU78PMDQKZENC08,INTESA SANPAOLO SPA
549300DB4NZ7CK3X6R57,SYNOPTIK NORGE AS,NO,549300M3VH1A3ER1TB49,ESSILORLUXOTTICA
549300B206THJHUTBP43,ESSILOR INTERNATIONAL,FR,549300M3VH1A3ER1TB49,ESSILORLUXOTTICA
529900X0PJHKD14SK005,Deutsche Custody N.V.,NL,7LTWFZYICNSX8D621K86,DEUTSCHE BANK AKTIENGESELLSCHAFT
81560007E889FA36A917,FONDO PENSIONE APERTO PREVIGEST FUND MEDIOLANUM,IT,7LVZJ6XRIE7VNZ4UBX81,BANCA MEDIOLANUM SPA
5493002I3S7TGKYK0P44,UNILEVER GLOBAL IP LIMITED,GB,549300MKFYEKVRWML317,UNILEVER PLC
969500FZ2VNB81C46W67,EURO DISNEY ASSOCIES SAS,FR,549300GZKULIZ0WOW665,THE WALT DISNEY COMPANY
5493002Z1PPD26D0QT04,ESSILOR AUSTRALIA PTY LTD,AU,549300M3VH1A3ER1TB49,ESSILORLUXOTTICA
529900TDVWJDF9M5TS35,Castellani Leasing GmbH,AT,549300TRUWO2CD2G5692,"UNICREDIT, SOCIETA' PER AZIONI"
529900QC5I7V6HP3BP65,BACA CENA Immobilien Leasing GmbH,AT,549300TRUWO2CD2G5692,"UNICREDIT, SOCIETA' PER AZIONI"
529900SWZG9FZS4PPH60,DB CARTERA DE INMUEBLES 1 SA,ES,7LTWFZYICNSX8D621K86,DEUTSCHE BANK AKTIENGESELLSCHAFT
5493004NKTUXS10HUX68,APPLE SOUTH ASIA PTE. LTD.,SG,HWUPKR0MPOU8FGXBT394,Apple Inc.
529900DTQJ1MSKEYNF35,LUFTHANSA TECHNIK AIRMOTIVE IRELAND LEASING LIMITED,IE,529900PH63HYJ86ASW55,Deutsche Lufthansa Aktiengesellschaft
89450081GZZ43QTYMN88,Grand Opticiens Belgium,BE,549300M3VH1A3ER1TB49,ESSILORLUXOTTICA
529900R6B2KGUI1XI539,TELO Beteiligungsgesellschaft mbH,DE,7LTWFZYICNSX8D621K86,DEUTSCHE BANK AKTIENGESELLSCHAFT
549300X7KXMBP1V42N81,OPTICAL SUPPLIES MIDDLE EAST FZE,AE,549300M3VH1A3ER1TB49,ESSILORLUXOTTICA
549300JB1P61FUTPEZ75,"Všeobecná úverová banka, a.s.",SK,2W8N8UU78PMDQKZENC08,INTESA SANPAOLO SPA
635400VANUW6PQNPKJ70,PAI (Bermuda) Limited,BM,549300TRUWO2CD2G5692,"UNICREDIT, SOCIETA' PER AZIONI"
5299001M8IZ7PBJR1Y18,Lufthansa Global Business Services GmbH,DE,529900PH63HYJ86ASW55,Deutsche Lufthansa Aktiengesellschaft
529900H0Z3LEX11CQJ52,Z Leasing DORADO Immobilien Leasing Gesellschaft m.b.H.,AT,549300TRUWO2CD2G5692,"UNICREDIT, SOCIETA' PER AZIONI"
529900OX0YBNOOXHER14,Gemeindeleasing Grundstückverwaltung Gesellschaft m.b.H.,AT,549300TRUWO2CD2G5692,"UNICREDIT, SOCIETA' PER AZIONI"
529900TG4CYRYQDR5865,DBCIBZ1,KY,7LTWFZYICNSX8D621K86,DEUTSCHE BANK AKTIENGESELLSCHAFT
335800C1KV5TPG2GEX70,HINDUSTAN COCA-COLA HOLDINGS PRIVATE LIMITED,IN,UWJKFUJFZ02DKWI3RY53,THE COCA-COLA COMPANY
52990053M7DZ6RC6OI62,Deutsche Postbank Funding LLC I,US,7LTWFZYICNSX8D621K86,DEUTSCHE BANK AKTIENGESELLSCHAFT
5493000A1VODC8HM2X72,DEAM-FONDS ARBM,DE,7LTWFZYICNSX8D621K86,DEUTSCHE BANK AKTIENGESELLSCHAFT
529900BP3CJL3VRPPD14,Deutsche Trustees Malaysia Berhad,MY,7LTWFZYICNSX8D621K86,DEUTSCHE BANK AKTIENGESELLSCHAFT
549300LNGZ07WC5K8A26,UNILEVER PL NETHERLANDS B.V.,NL,549300MKFYEKVRWML317,UNILEVER PLC
529900BVN6NPN8R4A847,DB AOTEAROA INVESTMENTS LIMITED,KY,7LTWFZYICNSX8D621K86,DEUTSCHE BANK AKTIENGESELLSCHAFT
5493004WG8IWNC2YNH92,UTIC DISTRIBUTION S.A.,TN,549300MKFYEKVRWML317,UNILEVER PLC
5493004NRK1XLI2A3K89,有限会社アップルジャパンホールディングス (Apple Japan合同会社),JP,HWUPKR0MPOU8FGXBT394,Apple Inc.
529900H9AT7W54KGHF30,LUFTHANSA TECHNIK LANDING GEAR SERVICES UK LIMITED,GB,529900PH63HYJ86ASW55,Deutsche Lufthansa Aktiengesellschaft
549300GUQK2RPMND7R49,Essilor Aktiebolag,SE,549300M3VH1A3ER1TB49,ESSILORLUXOTTICA
549300CGLRBLXD8PLZ18,BANCA COMERCIALA INTESA SANPAOLO ROMANIA S.A.,RO,2W8N8UU78PMDQKZENC08,INTESA SANPAOLO SPA
529900Y6FEIUGQNZ1D55,Postbank Direkt GmbH,DE,7LTWFZYICNSX8D621K86,DEUTSCHE BANK AKTIENGESELLSCHAFT
549300GF4NZMYB9VP153,APPLE PTY LIMITED,AU,HWUPKR0MPOU8FGXBT394,Apple Inc.
549300XJNWG0Q07SE896,UNILEVER DEL URUGUAY S.R.L.,UY,549300MKFYEKVRWML317,UNILEVER PLC
549300F5MGXJMIQJJT30,유니레버코리아（주）,KR,549300MKFYEKVRWML317,UNILEVER PLC
5299007XMJKIQYA1QE53,UniCredit Fleet Management EOOD,BG,549300TRUWO2CD2G5692,"UNICREDIT, SOCIETA' PER AZIONI"
529900MFAEZD7FAN9N26,ANTARES Immobilien Leasing Gesellschaft m.b.H.,AT,549300TRUWO2CD2G5692,"UNICREDIT, SOCIETA' PER AZIONI"
529900YQT7RAMTQ59G63,POLLUX Immobilien GmbH,AT,549300TRUWO2CD2G5692,"UNICREDIT, SOCIETA' PER AZIONI"
335800S9IH4ZCL5Z4F95,COCA COLA INDIA PRIVATE LIMITED,IN,UWJKFUJFZ02DKWI3RY53,THE COCA-COLA COMPANY
529900ANJHT613JW8B30,CALG Immobilien Leasing GmbH,AT,549300TRUWO2CD2G5692,"UNICREDIT, SOCIETA' PER AZIONI"
529900CAH1061V56SZ46,UniCredit Leasing Finance GmbH,DE,549300TRUWO2CD2G5692,"UNICREDIT, SOCIETA' PER AZIONI"
5299000VMYT0UGXVZN87,LUFTHANSA TECHNIK SOFIA,BG,529900PH63HYJ86ASW55,Deutsche Lufthansa Aktiengesellschaft
549300OO89TODXM8FJ80,FABRIS LANE LTD.,GB,549300M3VH1A3ER1TB49,ESSILORLUXOTTICA
21380056OKZR5M1PTT56,"UNILEVER DE CENTROAMERICA, S.A.",PA,549300MKFYEKVRWML317,UNILEVER PLC
529900ZS8OVPXKLRNF83,"G.O. IB-US Management, L.L.C.",US,7LTWFZYICNSX8D621K86,DEUTSCHE BANK AKTIENGESELLSCHAFT
815600C2B72391A68F89,IW PRIVATE INVESTMENTS SOCIETA' DI INTERMEDIAZIONE MOBILIARE S.P.A.,IT,2W8N8UU78PMDQKZENC08,INTESA SANPAOLO SPA
5493009N0J5CNP5J5347,Cristal Y Plastico de Mexico S.A de C.V.,MX,549300M3VH1A3ER1TB49,ESSILORLUXOTTICA
549300UBIO330OYX3Y53,MYOPTIQUE GROUP LTD,GB,549300M3VH1A3ER1TB49,ESSILORLUXOTTICA
529900VHISCWBZGTC349,Spectrum Grundstücksverwaltungs-Gesellschaft m.b.H.,AT,549300TRUWO2CD2G5692,"UNICREDIT, SOCIETA' PER AZIONI"
549300Z2ZATO1VJZGF48,ESSILOR ROMANIA SRL,RO,549300M3VH1A3ER1TB49,ESSILORLUXOTTICA
549300DWD4D3B5EZJC04,"CONOPCO, INC.",US,549300MKFYEKVRWML317,UNILEVER PLC
529900CQVDVATODQA941,DWS Service Company,US,7LTWFZYICNSX8D621K86,DEUTSCHE BANK AKTIENGESELLSCHAFT
52990047I84DVP5HEZ85,ABFS I Incorporated,US,7LTWFZYICNSX8D621K86,DEUTSCHE BANK AKTIENGESELLSCHAFT
213800RMAPKCXVCB3J34,HVB-LEASING ROCCA INGATLANHASZNOSÍTÓ KORLÁTOLT FELELŐSSÉGŰ TÁRSASÁG,HU,549300TRUWO2CD2G5692,"UNICREDIT, SOCIETA' PER AZIONI"
529900HOV70V5IBRYZ19,Konsul Inkasso GmbH,DE,7LTWFZYICNSX8D621K86,DEUTSCHE BANK AKTIENGESELLSCHAFT
529900KCLVX8UHHD6M83,Jyogashima Godo Kaisha,JP,7LTWFZYICNSX8D621K86,DEUTSCHE BANK AKTIENGESELLSCHAFT
529900AMYBX2GX3HE155,EXTOREL Private Equity Advisers GmbH,DE,7LTWFZYICNSX8D621K86,DEUTSCHE BANK AKTIENGESELLSCHAFT
2534006G7F7F1TFC9T77,"Акционерное общество ""ЮниКредит Банк""",RU,549300TRUWO2CD2G5692,"UNICREDIT, SOCIETA' PER AZIONI"
549300O1LRG9PS8TF186,Intesa Sanpaolo Real Estate S.A.,LU,2W8N8UU78PMDQKZENC08,INTESA SANPAOLO SPA
253400G6BH0UHXA5C941,"Общество с ограниченной ответственностью ""ЮниКредит Лизинг""",RU,549300TRUWO2CD2G5692,"UNICREDIT, SOCIETA' PER AZIONI"
81560084D60FE553FF12,VISCONTI S.R.L.,IT,549300TRUWO2CD2G5692,"UNICREDIT, SOCIETA' PER AZIONI"
549300H4CV43QCH4W570,DEAM CAPITAL PROTECT 2044,DE,7LTWFZYICNSX8D621K86,DEUTSCHE BANK AKTIENGESELLSCHAFT
5493000G3CNQTWPBZA31,BB GR,FR,549300M3VH1A3ER1TB49,ESSILORLUXOTTICA
529900DM9MKEQU4TQH74,Deutsche Securities Israel Ltd.,IL,7LTWFZYICNSX8D621K86,DEUTSCHE BANK AKTIENGESELLSCHAFT
335800KLB3BNLTXGOK06,GKB OPTIC TECHNOLOGIES PRIVATE LIMITED,IN,549300M3VH1A3ER1TB49,ESSILORLUXOTTICA
529900S3CB25TCZKIM51,Deutsche Investments India Private Limited,IN,7LTWFZYICNSX8D621K86,DEUTSCHE BANK AKTIENGESELLSCHAFT
5299003SNCZ1JCMYTE71,Arno Grundstücksverwaltungs Gesellschaft m.b.H.,AT,549300TRUWO2CD2G5692,"UNICREDIT, SOCIETA' PER AZIONI"
8156000E8FB84A303504,SOCIETA' ITALIANA DI REVISIONE E FIDUCIARIA S.I.RE.F.S.P.A IN FOR MA ABBREVIATA SIREF FIDUCIARIA S.P.A. O SIREFID S.P.A.,IT,2W8N8UU78PMDQKZENC08,INTESA SANPAOLO SPA
549300Y5DWNPH2EAYP47,UNILEVER ASIA PRIVATE LIMITED,SG,549300MKFYEKVRWML317,UNILEVER PLC
21380039PDICI7H5EV76,EURÓPA INGATLANBEFEKTETÉSI ALAP,HU,549300TRUWO2CD2G5692,"UNICREDIT, SOCIETA' PER AZIONI"
529900YR10F8TOMFTR35,WealthCap Immobilienfonds Deutschland 36 Komplementär GmbH,DE,549300TRUWO2CD2G5692,"UNICREDIT, SOCIETA' PER AZIONI"
549300SEZE2LQYOSAS93,ESSILOR OPTICA INTERNATIONAL HOLDING SL,ES,549300M3VH1A3ER1TB49,ESSILORLUXOTTICA
529900L30NS8FOKXCQ03,Deutsche International Trust Corporation (Mauritius) Limited,MU,7LTWFZYICNSX8D621K86,DEUTSCHE BANK AKTIENGESELLSCHAFT
529900H9ABDZ8XIMMV92,LEASFINANZ Bank GmbH,AT,549300TRUWO2CD2G5692,"UNICREDIT, SOCIETA' PER AZIONI"
5299000AF58N6DVTY088,Miles & More GmbH,DE,529900PH63HYJ86ASW55,Deutsche Lufthansa Aktiengesellschaft
5493007R0TMUUHXERD78,OPAK OPTIK SANAYI VE TICARET ANONIM SIRKETI,TR,549300M3VH1A3ER1TB49,ESSILORLUXOTTICA
529900ZSLE0TD0PZ1N92,UCTAM Hungary Korlátolt Felelősségű Társaság,HU,549300TRUWO2CD2G5692,"UNICREDIT, SOCIETA' PER AZIONI"
529900FOYH83DWA1VI77,BAL HYPNOS Immobilien Leasing GmbH,AT,549300TRUWO2CD2G5692,"UNICREDIT, SOCIETA' PER AZIONI"
529900VE4DGRT7DYCV17,DB Nominees (Jersey) Limited,JE,7LTWFZYICNSX8D621K86,DEUTSCHE BANK AKTIENGESELLSCHAFT
2138003GMZOMMHTKUW26,HVB LONDON INVESTMENTS (AVON) LIMITED,GB,549300TRUWO2CD2G5692,"UNICREDIT, SOCIETA' PER AZIONI"
549300L2WXROIO4RYU97,DBÖ VERMÖGENSVERWERTUNG GMBH IN LIQU.,AT,7LTWFZYICNSX8D621K86,DEUTSCHE BANK AKTIENGESELLSCHAFT
254900AK05JYXH6SJ944,DWS Fixed Maturity High Yield Bonds 2025 II,LU,7LTWFZYICNSX8D621K86,DEUTSCHE BANK AKTIENGESELLSCHAFT
529900ETVH54K2OIRO19,RREEF America L.L.C.,US,7LTWFZYICNSX8D621K86,DEUTSCHE BANK AKTIENGESELLSCHAFT
549300JI2FC7PGJHP860,DWS Zuerich Invest Aktien Schweiz,DE,7LTWFZYICNSX8D621K86,DEUTSCHE BANK AKTIENGESELLSCHAFT
3157008BMI50FMDD1E91,ALLIB Leasing s.r.o.,CZ,549300TRUWO2CD2G5692,"UNICREDIT, SOCIETA' PER AZIONI"
549300EPNF8GU8VMJJ26,DWS FLEXPENSION - II 2033,LU,7LTWFZYICNSX8D621K86,DEUTSCHE BANK AKTIENGESELLSCHAFT
529900SGNVLFY9Z13205,UniCredit Center am Kaiserwasser GmbH,AT,549300TRUWO2CD2G5692,"UNICREDIT, SOCIETA' PER AZIONI"
549300BVIWZN69JE8P07,UNILEVER UK LIMITED,GB,549300MKFYEKVRWML317,UNILEVER PLC
529900S8GVBA9SFCOD21,DB SERVIZI AMMINISTRATIVI S.R.L.,IT,7LTWFZYICNSX8D621K86,DEUTSCHE BANK AKTIENGESELLSCHAFT
5299009R5QPQNC289O97,Harbour Finance Limited,IE,7LTWFZYICNSX8D621K86,DEUTSCHE BANK AKTIENGESELLSCHAFT
529900W3X0FP5PHQGK42,Deutsche Bank Contingent Capital Trust IV,US,7LTWFZYICNSX8D621K86,DEUTSCHE BANK AKTIENGESELLSCHAFT
529900KVW94VJZZKLS55,Cathay Capital Company (No 2) Limited,MU,7LTWFZYICNSX8D621K86,DEUTSCHE BANK AKTIENGESELLSCHAFT
549300J7H1RQ24SIZ225,PT OPTICAL PARTNERS INDONESIA,ID,549300M3VH1A3ER1TB49,ESSILORLUXOTTICA
549300FWRDT5UDU8HR60,ARTGRI GROUP INTERNATIONAL PTE. LTD.,SG,549300M3VH1A3ER1TB49,ESSILORLUXOTTICA
213800EL46ESVT6G9247,CA-ZETA INGATLANHASZNOSÍTÓ KORLÁTOLT FELELŐSSÉGŰ TÁRSASÁG,HU,549300TRUWO2CD2G5692,"UNICREDIT, SOCIETA' PER AZIONI"
5493006CQEEGKM6L5T06,UNILEVER SOUTH INDIA ESTATES LIMITED,GB,549300MKFYEKVRWML317,UNILEVER PLC
549300G81RQKP7XW2N18,APPLE OPERATIONS INTERNATIONAL LIMITED,IE,HWUPKR0MPOU8FGXBT394,Apple Inc.
5299007CQ7QQYFIVNV49,CAM Private Equity Verwaltungs-GmbH,DE,7LTWFZYICNSX8D621K86,DEUTSCHE BANK AKTIENGESELLSCHAFT
54930011088BWM62XI45,UNILEVER POLSKA SPÓŁKA Z OGRANICZONĄ ODPOWIEDZIALNOŚCIĄ,PL,549300MKFYEKVRWML317,UNILEVER PLC
5299005D6XBMEK9KLI47,"MEF I Manager, S. à r.l.",LU,7LTWFZYICNSX8D621K86,DEUTSCHE BANK AKTIENGESELLSCHAFT
529900RODWQNN1GDC463,Deutsche Finance No. 2 Limited,KY,7LTWFZYICNSX8D621K86,DEUTSCHE BANK AKTIENGESELLSCHAFT
254900BZBEFAFBP7W941,DWS Fixed Maturity - ESG Multi Asset Defensive 2026 II,LU,7LTWFZYICNSX8D621K86,DEUTSCHE BANK AKTIENGESELLSCHAFT
2138002IYWR6DJRFCR82,AMUNDI FUNDS II - EMERGING MARKETS BOND SHORT-TERM,LU,549300TRUWO2CD2G5692,"UNICREDIT, SOCIETA' PER AZIONI"
635400PSMCTBZD9XNS47,Intesa Sanpaolo Bank Ireland PLC,IE,2W8N8UU78PMDQKZENC08,INTESA SANPAOLO SPA
529900DGSQR7P9L7FM63,"DB Aster, LLC",US,7LTWFZYICNSX8D621K86,DEUTSCHE BANK AKTIENGESELLSCHAFT
529900OISRX6SR0HJP68,UniCredit Mobilien und KFZ Leasing GmbH,AT,549300TRUWO2CD2G5692,"UNICREDIT, SOCIETA' PER AZIONI"
549300YFIUT5OCACTD23,DeAM-Fonds Sec Corp,DE,7LTWFZYICNSX8D621K86,DEUTSCHE BANK AKTIENGESELLSCHAFT
5299009KLCHHVQ1C0648,Sal. Oppenheim jr. & Cie. Beteiligungs GmbH,DE,7LTWFZYICNSX8D621K86,DEUTSCHE BANK AKTIENGESELLSCHAFT
529900F895EWIYOGOY61,"DB Services Americas, Inc.",US,7LTWFZYICNSX8D621K86,DEUTSCHE BANK AKTIENGESELLSCHAFT
5299009T3KWOCYE8BD14,LUFTHANSA MALTA AIRCRAFT-LEASING LTD,MT,529900PH63HYJ86ASW55,Deutsche Lufthansa Aktiengesellschaft
5299005XTWXW51FR9A63,RREEF EUROPEAN VALUE ADDED I (G.P.) LIMITED,GB,7LTWFZYICNSX8D621K86,DEUTSCHE BANK AKTIENGESELLSCHAFT
529900QJ7JSKVLQ18G57,DB Global Technology SRL,RO,7LTWFZYICNSX8D621K86,DEUTSCHE BANK AKTIENGESELLSCHAFT
5299006FEUM0TNPY9T06,"Joint Stock Company ""Deutsche Bank DBU""",UA,7LTWFZYICNSX8D621K86,DEUTSCHE BANK AKTIENGESELLSCHAFT
529900NAJQOFVVBADA34,DB Private Clients Corp.,US,7LTWFZYICNSX8D621K86,DEUTSCHE BANK AKTIENGESELLSCHAFT
5299007PCBRDQNDLIC93,Regula Limited,VG,7LTWFZYICNSX8D621K86,DEUTSCHE BANK AKTIENGESELLSCHAFT
2534008T9TCKSJHXMX83,"Акционерное Общество ""Локат Лизинг Руссия""",RU,549300TRUWO2CD2G5692,"UNICREDIT, SOCIETA' PER AZIONI"
549300Z5N7CQSDUVWP11,MERVE OPTİK SANAYİ VE TİCARET ANONİM ŞİRKETİ,TR,549300M3VH1A3ER1TB49,ESSILORLUXOTTICA
5299000NIGT14YW8ZD26,Deutsche Bank Financial Company,KY,7LTWFZYICNSX8D621K86,DEUTSCHE BANK AKTIENGESELLSCHAFT
5493005WOBFWIL4QR777,FIDEURAM BILANCIATO,IT,2W8N8UU78PMDQKZENC08,INTESA SANPAOLO SPA
529900YDIT4SCCP1SY38,DWS Grundbesitz GmbH,DE,7LTWFZYICNSX8D621K86,DEUTSCHE BANK AKTIENGESELLSCHAFT
549300BW0T0VJZ8YT598,BA-CA Markets & Investment Beteiligung Ges.m.b.H.,AT,549300TRUWO2CD2G5692,"UNICREDIT, SOCIETA' PER AZIONI"
549300UTZ28EB4QVWS85,RATIONAL INTERNATIONAL ENTERPRISES LIMITED,IM,549300MKFYEKVRWML317,UNILEVER PLC
529900XP4MMP82P0MO48,Acamar Holding S.A.,LU,7LTWFZYICNSX8D621K86,DEUTSCHE BANK AKTIENGESELLSCHAFT
529900DB682LTV7DBB14,UniCredit Gustra Leasing GmbH,AT,549300TRUWO2CD2G5692,"UNICREDIT, SOCIETA' PER AZIONI"
529900BXGKZA0NQ00X83,BA Betriebsobjekte GmbH,AT,549300TRUWO2CD2G5692,"UNICREDIT, SOCIETA' PER AZIONI"
529900U6IYYUDUULIX86,Z Leasing HERCULES Immobilien Leasing Gesellschaft m.b.H.,AT,549300TRUWO2CD2G5692,"UNICREDIT, SOCIETA' PER AZIONI"
529900YNWHYCU679WE23,"DBFIC, Inc.",US,7LTWFZYICNSX8D621K86,DEUTSCHE BANK AKTIENGESELLSCHAFT
549300Z2UVWOX086RH29,4CARE GMBH,DE,549300M3VH1A3ER1TB49,ESSILORLUXOTTICA
2549008QKYSJ7Y15KR64,DWS Confirmed Payables Fund,IE,7LTWFZYICNSX8D621K86,DEUTSCHE BANK AKTIENGESELLSCHAFT
529900VUBQY47LB3PV64,WealthCap Real Estate Management GmbH,DE,549300TRUWO2CD2G5692,"UNICREDIT, SOCIETA' PER AZIONI"
549300K3TK9076101D53,DWS Garant - Top Dividende 2018,LU,7LTWFZYICNSX8D621K86,DEUTSCHE BANK AKTIENGESELLSCHAFT
5299007T18XBURKJ1V64,"DWS Distributors, Inc.",US,7LTWFZYICNSX8D621K86,DEUTSCHE BANK AKTIENGESELLSCHAFT
529900NLN09OGDQ8SP33,VCM Treuhand Beteiligungsverwaltung GmbH,DE,7LTWFZYICNSX8D621K86,DEUTSCHE BANK AKTIENGESELLSCHAFT
5299008G1E4GFZR3QL53,Z Leasing IPSILON Immobilien Leasing Gesellschaft m.b.H.,AT,549300TRUWO2CD2G5692,"UNICREDIT, SOCIETA' PER AZIONI"
213800IT91XM3CMQQP75,UNICREDIT LEASING KERESKEDELMI KORLÁTOLT FELELŐSSÉGŰ TÁRSASÁG,HU,549300TRUWO2CD2G5692,"UNICREDIT, SOCIETA' PER AZIONI"
549300FFQECOEXLSUZ76,UNILEVER S.K. HOLDINGS LIMITED,GB,549300MKFYEKVRWML317,UNILEVER PLC
549300G0GSODGZH94Z69,VISION DIRECT EUROPE LTD,GB,549300M3VH1A3ER1TB49,ESSILORLUXOTTICA
5299000ALLPGKHTTUV74,Deutsche Bank Capital Trust I,US,7LTWFZYICNSX8D621K86,DEUTSCHE BANK AKTIENGESELLSCHAFT
3358007MD8NFWEKRC164,RAYBAN SUN OPTICS INDIA PRIVATE LIMITED,IN,549300M3VH1A3ER1TB49,ESSILORLUXOTTICA
5493002J445FKF3T3Q63,DWS INVEST - MULTI ASSET MODERATE INCOME,LU,7LTWFZYICNSX8D621K86,DEUTSCHE BANK AKTIENGESELLSCHAFT
529900X253XLINEUH028,"Plantation Bay, Inc.",VI,7LTWFZYICNSX8D621K86,DEUTSCHE BANK AKTIENGESELLSCHAFT
